"Epitope","Run","PR_AUC"
"GILGFVFTL",1,0.8311009580445
"GILGFVFTL",2,0.820852502481
"GILGFVFTL",3,0.7625108486005
"GILGFVFTL",4,0.79082631996
"GILGFVFTL",5,0.7755353042085
"GILGFVFTL",6,0.7967975649975
"GILGFVFTL",7,0.808115938283
"GILGFVFTL",8,0.7889529161755
"GILGFVFTL",9,0.8215244135185
"GILGFVFTL",10,0.797191219903
"GILGFVFTL",11,0.789120724255
"GILGFVFTL",12,0.7724884952895
"GILGFVFTL",13,0.7952968656435
"GILGFVFTL",14,0.8130963025745
"GILGFVFTL",15,0.845777050206
"GILGFVFTL",16,0.7831100150055
"GILGFVFTL",17,0.8118650459425
"GILGFVFTL",18,0.817683565765
"GILGFVFTL",19,0.831261690392
"GILGFVFTL",20,0.837930434407
"GILGFVFTL",21,0.8097307999275
"GILGFVFTL",22,0.8059935387075
"GILGFVFTL",23,0.811413135852
"GILGFVFTL",24,0.827944444107
"GILGFVFTL",25,0.838652236818
"GLCTLVAML",1,0.9045700431985
"GLCTLVAML",2,0.849405372817
"GLCTLVAML",3,0.8738952518485
"GLCTLVAML",4,0.7917272379025
"GLCTLVAML",5,0.8352533789565
"GLCTLVAML",6,0.826141962747
"GLCTLVAML",7,0.78196538
"GLCTLVAML",8,0.789430218637
"GLCTLVAML",9,0.8538083311335
"GLCTLVAML",10,0.8026535497275
"GLCTLVAML",11,0.709324631983
"GLCTLVAML",12,0.6731444540205
"GLCTLVAML",13,0.8746840867955
"GLCTLVAML",14,0.7409842396305
"GLCTLVAML",15,0.8430408830375
"GLCTLVAML",16,0.830279358372
"GLCTLVAML",17,0.699481914804
"GLCTLVAML",18,0.8638010841785
"GLCTLVAML",19,0.8391491489265
"GLCTLVAML",20,0.643084481884
"GLCTLVAML",21,0.827361625
"GLCTLVAML",22,0.858244094137
"GLCTLVAML",23,0.8396627525915
"GLCTLVAML",24,0.629733740637
"GLCTLVAML",25,0.9200397936135
"HPNGYKSLSTL",1,0.6146008403135
"HPNGYKSLSTL",2,0.4928571
"HPNGYKSLSTL",3,0.7762933141905
"HPNGYKSLSTL",4,0.7618423095865
"HPNGYKSLSTL",5,0.802597625974
"HPNGYKSLSTL",6,0.6047441875
"HPNGYKSLSTL",7,0.73710303373
"HPNGYKSLSTL",8,0.6447154375
"HPNGYKSLSTL",9,0.3341769
"HPNGYKSLSTL",10,0.6366667
"HPNGYKSLSTL",11,0.3628141729005
"HPNGYKSLSTL",12,0.359798625
"HPNGYKSLSTL",13,0.3763767
"HPNGYKSLSTL",14,0.525367322252
"HPNGYKSLSTL",15,0.6717948
"HPNGYKSLSTL",16,0.2615357
"HPNGYKSLSTL",17,0.595642928167
"HPNGYKSLSTL",18,0.6382246
"HPNGYKSLSTL",19,0.4628479375
"HPNGYKSLSTL",20,0.474007933135
"HPNGYKSLSTL",21,0.743905922761
"HPNGYKSLSTL",22,0.4180618
"HPNGYKSLSTL",23,0.595708125
"HPNGYKSLSTL",24,0.7082373125
"HPNGYKSLSTL",25,0.711308922619
"KLVALGINAV",1,0.749287964998
"KLVALGINAV",2,0.7537528891045
"KLVALGINAV",3,0.5572516570345
"KLVALGINAV",4,0.732189553525
"KLVALGINAV",5,0.789711067432
"KLVALGINAV",6,0.575618627953
"KLVALGINAV",7,0.5863189136815
"KLVALGINAV",8,0.654060835225
"KLVALGINAV",9,0.7015249413325
"KLVALGINAV",10,0.446827027848
"KLVALGINAV",11,0.7897961387755
"KLVALGINAV",12,0.5545639454365
"KLVALGINAV",13,0.691452165691
"KLVALGINAV",14,0.681708032578
"KLVALGINAV",15,0.7353744789115
"KLVALGINAV",16,0.779592077551
"KLVALGINAV",17,0.6875995266865
"KLVALGINAV",18,0.732286981999
"KLVALGINAV",19,0.7089288625
"KLVALGINAV",20,0.7466143248145
"KLVALGINAV",21,0.709750861678
"KLVALGINAV",22,0.547107942178
"KLVALGINAV",23,0.6410717160715
"KLVALGINAV",24,0.515448973837
"KLVALGINAV",25,0.6526905615955
"NLVPMVATV",1,0.5964568721795
"NLVPMVATV",2,0.4209656382102
"NLVPMVATV",3,0.45142881539405
"NLVPMVATV",4,0.4928457959135
"NLVPMVATV",5,0.5728154780695
"NLVPMVATV",6,0.522696844265
"NLVPMVATV",7,0.4451589055598
"NLVPMVATV",8,0.43112074843575
"NLVPMVATV",9,0.4694486381445
"NLVPMVATV",10,0.5130943378395
"NLVPMVATV",11,0.5425824295565
"NLVPMVATV",12,0.5590057619585
"NLVPMVATV",13,0.564667207295
"NLVPMVATV",14,0.353527738309
"NLVPMVATV",15,0.546735664684
"NLVPMVATV",16,0.475265407812
"NLVPMVATV",17,0.4525308883472
"NLVPMVATV",18,0.3798135228542
"NLVPMVATV",19,0.497720958165
"NLVPMVATV",20,0.434703580859
"NLVPMVATV",21,0.5951489198165
"NLVPMVATV",22,0.50386250789265
"NLVPMVATV",23,0.506208074123
"NLVPMVATV",24,0.402419811929
"NLVPMVATV",25,0.487343235104
"QMMVKAGL",1,0.18073820625
"QMMVKAGL",2,0.2225751875
"QMMVKAGL",3,0.2901188125
"QMMVKAGL",4,0.3098443125
"QMMVKAGL",5,0.16351225
"QMMVKAGL",6,0.2773320625
"QMMVKAGL",7,0.258563625
"QMMVKAGL",8,0.2009375625
"QMMVKAGL",9,0.294101375
"QMMVKAGL",10,0.3332040625
"QMMVKAGL",11,0.2062311875
"QMMVKAGL",12,0.3540328125
"QMMVKAGL",13,0.2983765
"QMMVKAGL",14,0.321783875
"QMMVKAGL",15,0.5205248125
"QMMVKAGL",16,0.26085175
"QMMVKAGL",17,0.20680219375
"QMMVKAGL",18,0.2991276875
"QMMVKAGL",19,0.229207375
"QMMVKAGL",20,0.370855125
"QMMVKAGL",21,0.1815797625
"QMMVKAGL",22,0.2581395625
"QMMVKAGL",23,0.386301125
"QMMVKAGL",24,0.2329644375
"QMMVKAGL",25,0.449937375
"QYIKWPWYI",1,0.35415400410595
"QYIKWPWYI",2,0.58559279168
"QYIKWPWYI",3,0.457476529395
"QYIKWPWYI",4,0.23855796596565
"QYIKWPWYI",5,0.304137259459
"QYIKWPWYI",6,0.15320225
"QYIKWPWYI",7,0.1754314
"QYIKWPWYI",8,0.254629654727
"QYIKWPWYI",9,0.46998993569215
"QYIKWPWYI",10,0.156265716405
"QYIKWPWYI",11,0.32419661618785
"QYIKWPWYI",12,0.38312215256
"QYIKWPWYI",13,0.26726955
"QYIKWPWYI",14,0.391134333176
"QYIKWPWYI",15,0.4049088221245
"QYIKWPWYI",16,0.321341749492
"QYIKWPWYI",17,0.5688205
"QYIKWPWYI",18,0.4069166721315
"QYIKWPWYI",19,0.27574941459135
"QYIKWPWYI",20,0.33809937790545
"QYIKWPWYI",21,0.442383684489
"QYIKWPWYI",22,0.0616290937657
"QYIKWPWYI",23,0.2122255
"QYIKWPWYI",24,0.2177727850415
"QYIKWPWYI",25,0.302563875186
"RFPLTFGWCF",1,0.567951841927
"RFPLTFGWCF",2,0.6733552720995
"RFPLTFGWCF",3,0.76876245346
"RFPLTFGWCF",4,0.6246707409595
"RFPLTFGWCF",5,0.8157076975865
"RFPLTFGWCF",6,0.7700648969995
"RFPLTFGWCF",7,0.7133204
"RFPLTFGWCF",8,0.63859585
"RFPLTFGWCF",9,0.7451043125
"RFPLTFGWCF",10,0.4500279375
"RFPLTFGWCF",11,0.735139125
"RFPLTFGWCF",12,0.6876655109095
"RFPLTFGWCF",13,0.542624300264
"RFPLTFGWCF",14,0.7441700851245
"RFPLTFGWCF",15,0.4764245385405
"RFPLTFGWCF",16,0.7644599837455
"RFPLTFGWCF",17,0.6477029320755
"RFPLTFGWCF",18,0.6995134
"RFPLTFGWCF",19,0.6026562889085
"RFPLTFGWCF",20,0.8439714997785
"RFPLTFGWCF",21,0.6802572908965
"RFPLTFGWCF",22,0.7612224578885
"RFPLTFGWCF",23,0.8042235048675
"RFPLTFGWCF",24,0.8561106875
"RFPLTFGWCF",25,0.68725455
"RPIIRPATL",1,0.6133966
"RPIIRPATL",2,0.24680674143895
"RPIIRPATL",3,0.6136682903525
"RPIIRPATL",4,0.5913257163605
"RPIIRPATL",5,0.659763615317
"RPIIRPATL",6,0.495391190864
"RPIIRPATL",7,0.678549366841
"RPIIRPATL",8,0.2825846144785
"RPIIRPATL",9,0.435146273737
"RPIIRPATL",10,0.457622987889
"RPIIRPATL",11,0.5592759365195
"RPIIRPATL",12,0.6625249420865
"RPIIRPATL",13,0.3152438682175
"RPIIRPATL",14,0.501561963304
"RPIIRPATL",15,0.5625016642345
"RPIIRPATL",16,0.7432967004235
"RPIIRPATL",17,0.5747030380235
"RPIIRPATL",18,0.69966025
"RPIIRPATL",19,0.5712208883835
"RPIIRPATL",20,0.564413775
"RPIIRPATL",21,0.53687975
"RPIIRPATL",22,0.5124772
"RPIIRPATL",23,0.1363750331405
"RPIIRPATL",24,0.458130502259
"RPIIRPATL",25,0.6503263125
"SPRWYFYYL",1,0.3634436875
"SPRWYFYYL",2,0.5338597
"SPRWYFYYL",3,0.420556344325
"SPRWYFYYL",4,0.48924574437915
"SPRWYFYYL",5,0.368965964181
"SPRWYFYYL",6,0.38687125
"SPRWYFYYL",7,0.1373195
"SPRWYFYYL",8,0.3671160625
"SPRWYFYYL",9,0.444235831955
"SPRWYFYYL",10,0.275714135678
"SPRWYFYYL",11,0.27580705
"SPRWYFYYL",12,0.33105379092515
"SPRWYFYYL",13,0.329205785496
"SPRWYFYYL",14,0.5283292904205
"SPRWYFYYL",15,0.251294124774
"SPRWYFYYL",16,0.4440562382675
"SPRWYFYYL",17,0.2085935702525
"SPRWYFYYL",18,0.4058131312774
"SPRWYFYYL",19,0.3403635247155
"SPRWYFYYL",20,0.7221687289665
"SPRWYFYYL",21,0.403459400761
"SPRWYFYYL",22,0.3173899992765
"SPRWYFYYL",23,0.521942894724
"SPRWYFYYL",24,0.5828109404215
"SPRWYFYYL",25,0.2804244537025
"TTDPSFLGRY",1,0.6640873125
"TTDPSFLGRY",2,0.7327380625
"TTDPSFLGRY",3,0.7598822956735
"TTDPSFLGRY",4,0.4967608246675
"TTDPSFLGRY",5,0.5001385
"TTDPSFLGRY",6,0.6417802046485
"TTDPSFLGRY",7,0.6214287
"TTDPSFLGRY",8,0.668263981736
"TTDPSFLGRY",9,0.431456606927
"TTDPSFLGRY",10,0.6770699657875
"TTDPSFLGRY",11,0.497720991565
"TTDPSFLGRY",12,0.504529467693
"TTDPSFLGRY",13,0.312245841555
"TTDPSFLGRY",14,0.216220125
"TTDPSFLGRY",15,0.497883492593
"TTDPSFLGRY",16,0.678824321176
"TTDPSFLGRY",17,0.3763951
"TTDPSFLGRY",18,0.51794893318765
"TTDPSFLGRY",19,0.483313792877
"TTDPSFLGRY",20,0.5984299375
"TTDPSFLGRY",21,0.675800101978
"TTDPSFLGRY",22,0.601729048271
"TTDPSFLGRY",23,0.4106960607865
"TTDPSFLGRY",24,0.1785713809525
"TTDPSFLGRY",25,0.3796244
"VLFGLGFAI",1,0.6772932512785
"VLFGLGFAI",2,0.6855751001395
"VLFGLGFAI",3,0.7154876416555
"VLFGLGFAI",4,0.637795362205
"VLFGLGFAI",5,0.696115875313
"VLFGLGFAI",6,0.479790224972
"VLFGLGFAI",7,0.727179129964
"VLFGLGFAI",8,0.526979615878
"VLFGLGFAI",9,0.3174881016585
"VLFGLGFAI",10,0.5147355209785
"VLFGLGFAI",11,0.5194378030725
"VLFGLGFAI",12,0.5557970870605
"VLFGLGFAI",13,0.419156116558
"VLFGLGFAI",14,0.624762946666
"VLFGLGFAI",15,0.4459966611465
"VLFGLGFAI",16,0.6208387363045
"VLFGLGFAI",17,0.439856398437
"VLFGLGFAI",18,0.823412890873
"VLFGLGFAI",19,0.688970596744
"VLFGLGFAI",20,0.823412890873
"VLFGLGFAI",21,0.520939193347
"VLFGLGFAI",22,0.508277206009
"VLFGLGFAI",23,0.717903753525
"VLFGLGFAI",24,0.480395671985
"VLFGLGFAI",25,0.542197207803
"YLQPRTFLL",1,0.4133598802295
"YLQPRTFLL",2,0.6309958647835
"YLQPRTFLL",3,0.514499544591
"YLQPRTFLL",4,0.4737990490265
"YLQPRTFLL",5,0.460138138366
"YLQPRTFLL",6,0.2881703334561
"YLQPRTFLL",7,0.418142854345
"YLQPRTFLL",8,0.447088380144
"YLQPRTFLL",9,0.5954141505375
"YLQPRTFLL",10,0.6028774223875
"YLQPRTFLL",11,0.545907692211
"YLQPRTFLL",12,0.1869518
"YLQPRTFLL",13,0.413923789844
"YLQPRTFLL",14,0.366853119044
"YLQPRTFLL",15,0.5571587512195
"YLQPRTFLL",16,0.5383385250815
"YLQPRTFLL",17,0.5571132
"YLQPRTFLL",18,0.33392543589445
"YLQPRTFLL",19,0.563094551427
"YLQPRTFLL",20,0.3953887270135
"YLQPRTFLL",21,0.609079395804
"YLQPRTFLL",22,0.411043813517
"YLQPRTFLL",23,0.11362240625
"YLQPRTFLL",24,0.362727875
"YLQPRTFLL",25,0.4919118139705
"YVLDHLIVV",1,0.50643890625
"YVLDHLIVV",2,0.66254690625
"YVLDHLIVV",3,0.13773920195185
"YVLDHLIVV",4,0.42743340625
"YVLDHLIVV",5,0.47436003125
"YVLDHLIVV",6,0.7072459375
"YVLDHLIVV",7,0.2518293710875
"YVLDHLIVV",8,0.3396469796445
"YVLDHLIVV",9,0.43862085
"YVLDHLIVV",10,0.5159768426585
"YVLDHLIVV",11,0.5477255407275
"YVLDHLIVV",12,0.2485770942435
"YVLDHLIVV",13,0.518474443523
"YVLDHLIVV",14,0.4274298911595
"YVLDHLIVV",15,0.4449902361475
"YVLDHLIVV",16,0.654740010308
"YVLDHLIVV",17,0.48348314505145
"YVLDHLIVV",18,0.24254305580855
"YVLDHLIVV",19,0.643150690183
"YVLDHLIVV",20,0.57586828125
"YVLDHLIVV",21,0.217345158196
"YVLDHLIVV",22,0.4955299190085
"YVLDHLIVV",23,0.4991375459325
"YVLDHLIVV",24,0.268491
"YVLDHLIVV",25,0.3871207520984
